Max Flexibility (hours),Avg Delay (min),CO₂ Reduction (%)
1.0,25.875,0.473217616243915
2.0,65.3,1.3328815069560518
4.0,143.3,2.583160906436499
6.0,210.925,3.654200413677211
8.0,256.575,3.7876261806235156
10.0,326.55,4.054872210449045
12.0,412.32500000000005,4.428754635186671
