,cpu_cluster_avg,mem_cluster_avg,net_in_cluster_avg,net_out_cluster_avg,disk_io_cluster_avg,carbon_intensity_gCO2_kWh
cpu_cluster_avg,1.0,0.25977117775847464,0.2082317491182595,0.20431464703052374,0.5779470898053128,-0.27525861695323545
mem_cluster_avg,0.25977117775847464,1.0,0.5925592109208804,0.5902802317628149,0.25731975624552184,0.05285008520581491
net_in_cluster_avg,0.2082317491182595,0.5925592109208804,1.0,0.9962279483925987,0.17779134170228736,-0.04184935793251647
net_out_cluster_avg,0.20431464703052374,0.5902802317628149,0.9962279483925987,1.0,0.17442273862079904,-0.04175189738409231
disk_io_cluster_avg,0.5779470898053128,0.25731975624552184,0.17779134170228736,0.17442273862079904,1.0,0.06466324639663126
carbon_intensity_gCO2_kWh,-0.27525861695323545,0.05285008520581491,-0.04184935793251647,-0.04175189738409231,0.06466324639663126,1.0
