,cpu_cluster_avg,mem_cluster_avg,net_in_cluster_avg,net_out_cluster_avg,disk_io_cluster_avg,carbon_intensity_gCO2_kWh
cpu_cluster_avg,1.0,0.25977117775847347,0.20823174911825565,0.2043146470305199,0.577947089805313,-0.2752586169532358
mem_cluster_avg,0.25977117775847347,1.0,0.5925592109208736,0.5902802317628055,0.25731975624552084,0.052850085205816306
net_in_cluster_avg,0.20823174911825565,0.5925592109208736,1.0,0.996227948392597,0.17779134170228714,-0.041849357932517046
net_out_cluster_avg,0.2043146470305199,0.5902802317628055,0.996227948392597,1.0,0.17442273862079816,-0.04175189738409255
disk_io_cluster_avg,0.577947089805313,0.25731975624552084,0.17779134170228714,0.17442273862079816,1.0,0.06466324639663085
carbon_intensity_gCO2_kWh,-0.2752586169532358,0.052850085205816306,-0.041849357932517046,-0.04175189738409255,0.06466324639663085,1.0
