{
  "order": 2,
  "delay": 1,
  "threshold": 29.846820922577784,
  "coefs_low": [
    0.39770363072452153,
    0.1870305241534608
  ],
  "coefs_high": [
    0.7624037581889357,
    0.1499770768536368
  ],
  "intercept_low": 12.305543004846012,
  "intercept_high": 3.200352689911468
}