{
  "order": 2,
  "delay": 1,
  "threshold": 29.846820922577784,
  "coefs_low": [
    0.39770363072452114,
    0.18703052415346122
  ],
  "coefs_high": [
    0.7624037581889376,
    0.14997707685363654
  ],
  "intercept_low": 12.305543004846005,
  "intercept_high": 3.200352689911432
}